keep,psnr_dB,relerr,time_s
0.5,27.2588488532089,0.0590823371692859,6.7267601
0.75,33.5185646923714,0.0287390147161988,7.1110954
0.85,36.6113396023835,0.0201295065705741,6.3189923
