keep,psnr_dB,relerr,time_s
0.5,22.0583420513536,0.120752112299628,6.554379
0.75,26.5977256510883,0.071602066489676,7.2492251
0.85,29.392314123126,0.0519034388588439,9.7962353
