keep,psnr_dB,relerr,time_s
0.5,22.3352346309765,0.140835263610244,6.0829772
0.75,26.7981916685326,0.0842487680754701,10.1028083
0.85,29.5400541167892,0.0614427205015778,9.7067746
