keep_ratio,relerr,psnr_dB
0.5,0.141671696578505,22.2838009553166
0.75,0.0869785428674822,26.5212202962306
0.85,0.0633692978514981,29.2718849501309
