keep_ratio,relerr,psnr_dB
0.5,0.120737690427861,22.0593795012607
0.75,0.0719659337677374,26.5536974862929
0.85,0.0520200392397563,29.3728232730531
