keep_ratio,relerr,psnr_dB
0.5,0.0449808429164253,29.6274503954392
0.75,0.0208832444194096,36.2920427571301
0.85,0.0141214088145753,39.6904416672426
